﻿<?xml version="1.0" encoding="utf-8"?>
<Data>
  <Summary>summary,Professional Summary,Synopsis,PROFILE</Summary>
  <Specialties>specialties,Rewards,Recognitions,Rewards and Recognitions,Extra-Curricular Activities,Activities</Specialties>
  <Skills>skills,Skills Summary,Technical Skills,Functional Skills,Technical &amp; Functional Skills,Technical skills,Skill Set,Technical Skills:</Skills>
  <Experience>experience,Employment Summary,Experience Profile,Work Experience</Experience>
  <Education>education,Scholastics,Education,Certifications,Education &amp; Certifications</Education>
  <Interests>interests</Interests>
  <Language>languages</Language>
</Data>